Date,Product,Region,Customer_Type,Quantity,Price,Discount,Revenue
2024-10-27,Finance,South,Professional,140,286.03,0.01,39643.76
2024-02-24,Programming,West,Professional,25,50.06,0.11,1113.84
2024-04-21,Marketing,North,Student,197,30.84,0.13,5285.67
2024-11-13,Design,South,Professional,105,205.05,0.2,17224.2
2024-07-03,Design,East,Professional,46,382.39,0.23,13544.25
2024-08-30,Design,South,Professional,170,195.81,0.26,24632.9
2024-11-19,Finance,North,Professional,5,94.57,0.21,373.55
2024-02-07,Design,East,Professional,193,53.14,0.05,9743.22
2024-12-12,Marketing,South,Professional,101,137.26,0.25,10397.44
2024-08-27,Marketing,West,Professional,159,293.89,0.2,37382.81
2024-02-08,Finance,North,Student,23,98.35,0.1,2035.84
2024-07-23,Programming,South,Student,147,335.86,0.02,48383.99
2024-04-09,Programming,West,Professional,192,212.61,0.19,33065.11
2024-05-02,Programming,North,Student,131,51.36,0.17,5584.37
2024-06-01,Programming,East,Student,96,354.72,0.02,33372.06
2024-10-28,Design,South,Professional,134,306.57,0.13,35739.93
2024-10-21,Design,West,Student,99,89.31,0.24,6719.68
2024-01-22,Programming,South,Professional,80,142.39,0.19,9226.87
2024-04-02,Design,West,Student,164,78.38,0.02,12597.23
2024-09-19,Programming,West,Professional,156,169.59,0.15,22487.63
2024-03-31,Design,West,Professional,126,86.75,0.29,7760.66
2024-12-30,Marketing,East,Professional,196,151.84,0.06,27975.0
2024-11-02,Programming,West,Professional,77,122.4,0.05,8953.56
2024-01-12,Marketing,South,Professional,69,199.89,0.13,11999.4
2024-12-03,Finance,South,Professional,107,367.58,0.05,37364.51
2024-07-15,Marketing,South,Professional,128,192.1,0.23,18933.38
2024-07-19,Marketing,West,Professional,100,391.97,0.23,30181.69
2024-06-30,Marketing,South,Professional,146,487.67,0.16,59807.85
2024-08-02,Marketing,West,Professional,82,267.34,0.02,21483.44
2024-07-02,Programming,North,Student,17,271.55,0.16,3877.73
2024-01-24,Design,South,Professional,24,403.18,0.29,6870.19
2024-10-07,Design,North,Professional,10,123.87,0.24,941.41
2024-12-21,Marketing,East,Professional,82,73.26,0.22,4685.71
2024-02-05,Programming,South,Professional,137,143.52,0.18,16123.04
2024-05-09,Programming,South,Student,124,290.28,0.29,25556.25
2024-10-24,Programming,North,Professional,51,410.94,0.15,17814.25
2024-09-04,Finance,East,Student,30,309.18,0.23,7142.06
2024-07-22,Finance,North,Student,161,243.15,0.08,36015.38
2024-03-06,Programming,West,Student,109,71.65,0.06,7341.26
2024-10-25,Finance,West,Student,108,144.96,0.11,13933.56
2024-11-04,Finance,West,Student,4,488.22,0.02,1913.82
2024-01-01,Finance,North,Student,148,137.45,0.03,19732.32
2024-01-26,Programming,West,Professional,52,99.4,0.07,4806.98
2024-04-02,Marketing,West,Professional,156,229.52,0.09,32582.66
2024-12-31,Design,East,Professional,140,442.28,0.29,43962.63
2024-02-05,Marketing,West,Student,113,279.67,0.22,24650.11
2024-05-29,Marketing,North,Student,73,382.33,0.03,27072.79
2024-05-23,Finance,East,Student,113,173.92,0.16,16508.49
2024-02-20,Design,West,Professional,158,121.52,0.2,15360.13
2024-11-13,Finance,East,Professional,124,143.23,0.15,15096.44
2024-12-12,Finance,East,Professional,30,69.09,0.26,1533.8
2024-07-10,Marketing,West,Professional,196,408.2,0.13,69606.26
2024-04-03,Marketing,South,Professional,66,421.43,0.3,19470.07
2024-04-27,Finance,West,Student,98,182.79,0.17,14868.14
2024-06-24,Marketing,East,Student,106,376.37,0.13,34708.84
2024-08-04,Marketing,South,Student,96,189.06,0.3,12704.83
2024-02-27,Design,South,Student,177,104.52,0.21,14615.03
2024-03-20,Marketing,West,Student,75,483.14,0.25,27176.62
2024-06-20,Programming,West,Student,159,493.16,0.05,74491.82
2024-01-08,Design,South,Student,57,21.22,0.26,895.06
2024-12-19,Programming,South,Student,139,135.57,0.11,16771.36
2024-08-12,Marketing,South,Student,50,404.02,0.11,17978.89
2024-01-23,Finance,West,Professional,154,261.66,0.13,35057.21
2024-03-01,Design,North,Professional,181,17.14,0.16,2605.97
2024-10-09,Marketing,North,Professional,138,32.3,0.18,3655.07
2024-12-08,Finance,West,Professional,146,98.67,0.12,12677.12
2024-10-13,Finance,North,Professional,29,140.13,0.27,2966.55
2024-06-03,Design,West,Student,191,177.62,0.27,24765.56
2024-08-08,Programming,South,Student,158,24.36,0.25,2886.66
2024-03-04,Marketing,South,Student,111,74.25,0.14,7087.9
2024-12-09,Finance,South,Professional,147,396.95,0.2,46681.32
2024-05-19,Programming,East,Student,65,139.53,0.21,7164.87
2024-03-12,Marketing,South,Student,99,363.95,0.11,32067.63
2024-11-11,Finance,North,Professional,22,202.09,0.06,4179.22
2024-10-11,Marketing,East,Professional,22,169.42,0.07,3466.33
2024-03-17,Finance,East,Professional,82,151.34,0.0,12409.88
2024-06-23,Programming,South,Professional,195,31.86,0.04,5964.19
2024-07-13,Marketing,South,Student,130,281.62,0.08,33681.75
2024-11-06,Programming,West,Professional,130,336.95,0.25,32852.62
2024-12-23,Finance,North,Student,200,235.87,0.13,41041.38
2024-02-22,Finance,East,Student,93,168.43,0.21,12374.55
2024-07-27,Programming,East,Student,7,378.34,0.16,2224.64
2024-12-11,Programming,West,Student,23,480.36,0.06,10385.38
2024-03-31,Programming,South,Student,18,147.23,0.02,2597.14
2024-08-03,Design,North,Student,19,145.85,0.14,2383.19
2024-09-23,Finance,South,Professional,145,183.79,0.18,21852.63
2024-02-01,Design,North,Professional,49,276.03,0.25,10144.1
2024-06-12,Marketing,West,Student,9,191.92,0.09,1571.82
2024-10-24,Marketing,South,Professional,22,128.6,0.16,2376.53
2024-09-14,Marketing,South,Student,157,331.81,0.12,45842.87
2024-10-28,Finance,East,Student,160,429.99,0.12,60542.59
2024-09-18,Finance,North,Professional,28,348.48,0.17,8098.68
2024-11-12,Design,East,Student,53,155.17,0.16,6908.17
2024-11-21,Finance,North,Professional,154,276.64,0.12,37490.25
2024-07-03,Finance,West,Student,96,363.18,0.1,31378.75
2024-07-22,Design,South,Student,9,255.31,0.14,1976.1
2024-12-14,Marketing,North,Student,84,430.97,0.24,27513.12
2024-03-19,Marketing,West,Student,20,441.87,0.18,7246.67
2024-03-29,Finance,West,Professional,184,133.74,0.12,21655.18
2024-04-19,Programming,North,Student,144,372.14,0.08,49301.11
2024-05-29,Programming,East,Professional,119,438.81,0.09,47518.73
2024-08-10,Design,West,Professional,97,402.75,0.05,37113.41
2024-09-30,Finance,South,Student,191,369.23,0.2,56418.34
2024-10-30,Design,West,Professional,53,20.44,0.29,769.16
2024-12-30,Programming,South,Student,154,138.36,0.12,18750.55
2024-10-10,Design,North,Professional,11,71.64,0.01,780.16
2024-03-03,Marketing,South,Professional,67,483.71,0.04,31112.23
2024-06-19,Design,East,Professional,180,262.03,0.0,47165.4
2024-06-12,Finance,North,Student,30,92.97,0.18,2287.06
2024-01-28,Design,South,Professional,135,18.74,0.01,2504.6
2024-11-15,Design,South,Professional,164,305.7,0.01,49633.45
2024-01-18,Marketing,East,Student,185,401.79,0.1,66898.04
2024-04-23,Design,West,Professional,20,445.9,0.23,6866.86
2024-06-24,Finance,West,Student,154,497.18,0.06,71971.78
2024-04-26,Programming,North,Professional,61,392.35,0.16,20104.01
2024-11-04,Finance,East,Professional,138,176.89,0.08,22457.95
2024-02-03,Programming,South,Professional,195,310.01,0.11,53802.24
2024-04-17,Marketing,South,Professional,178,116.82,0.2,16635.17
2024-09-20,Design,South,Professional,161,294.05,0.23,36453.38
2024-12-09,Marketing,West,Student,14,341.42,0.17,3967.3
2024-07-10,Marketing,South,Student,59,458.07,0.17,22431.69
2024-10-21,Finance,West,Professional,155,160.84,0.15,21190.67
2024-08-11,Finance,North,Student,169,333.08,0.28,40529.17
2024-05-10,Programming,South,Student,129,138.17,0.21,14080.9
2024-07-30,Finance,South,Professional,43,239.87,0.16,8664.1
2024-12-12,Marketing,South,Professional,19,200.84,0.24,2900.13
2024-04-20,Design,North,Student,25,12.64,0.03,306.52
2024-11-07,Design,South,Student,119,195.77,0.07,21665.87
2024-06-06,Programming,East,Student,76,349.01,0.17,22015.55
2024-07-22,Marketing,West,Professional,54,410.79,0.21,17524.3
2024-08-10,Finance,West,Professional,141,306.4,0.17,35857.99
2024-10-07,Finance,South,Student,111,256.76,0.26,21090.27
2024-07-17,Programming,West,Student,138,227.77,0.15,26717.42
2024-03-07,Finance,North,Student,158,302.48,0.29,33932.21
2024-02-08,Programming,South,Professional,82,211.32,0.1,15595.42
2024-01-16,Finance,West,Professional,21,203.06,0.13,3709.91
2024-05-02,Programming,West,Student,81,60.19,0.24,3705.3
2024-04-13,Design,West,Student,164,478.82,0.04,75385.42
2024-12-13,Marketing,East,Professional,13,481.16,0.19,5066.61
2024-08-07,Finance,North,Professional,53,49.36,0.09,2380.63
2024-10-14,Design,West,Professional,115,374.08,0.1,38717.28
2024-04-13,Design,South,Professional,68,24.43,0.21,1312.38
2024-08-09,Design,South,Professional,131,97.52,0.12,11242.11
2024-05-02,Design,East,Student,112,39.68,0.27,3244.24
2024-02-13,Programming,South,Student,178,200.74,0.21,28228.06
2024-11-28,Programming,East,Professional,146,363.35,0.24,40317.32
2024-01-02,Design,West,Professional,44,471.52,0.26,15352.69
2024-04-05,Finance,East,Student,130,443.41,0.21,45538.21
2024-08-21,Design,South,Student,106,298.82,0.02,31041.42
2024-12-25,Design,East,Student,97,50.83,0.19,3993.71
2024-02-06,Marketing,East,Student,79,140.76,0.28,8006.43
2024-08-06,Programming,North,Student,195,394.36,0.22,59982.16
2024-08-09,Finance,South,Student,190,259.97,0.0,49394.3
2024-11-14,Design,East,Professional,37,244.78,0.14,7788.9
2024-06-14,Design,West,Professional,60,47.12,0.16,2374.85
2024-04-28,Design,North,Student,96,477.2,0.12,40313.86
2024-06-22,Finance,West,Professional,12,332.12,0.07,3706.46
2024-09-24,Finance,East,Student,60,153.17,0.1,8271.18
2024-08-27,Programming,North,Professional,149,146.8,0.15,18592.22
2024-02-12,Finance,South,Student,23,334.48,0.18,6308.29
2024-10-29,Marketing,West,Professional,135,187.4,0.0,25299.0
2024-05-07,Finance,East,Student,156,77.98,0.2,9731.9
2024-07-18,Programming,West,Professional,72,288.45,0.23,15991.67
2024-01-21,Programming,North,Professional,110,406.7,0.14,38473.82
2024-06-02,Marketing,North,Professional,76,171.23,0.11,11582.0
2024-06-13,Design,South,Professional,41,162.24,0.18,5454.51
2024-02-28,Design,East,Professional,37,377.13,0.13,12139.81
2024-06-27,Design,East,Professional,108,162.47,0.15,14914.75
2024-01-31,Finance,West,Professional,154,198.04,0.23,23483.58
2024-04-18,Design,North,Professional,140,139.35,0.12,17167.92
2024-11-30,Design,East,Student,85,168.19,0.14,12294.69
2024-08-03,Finance,North,Student,111,29.23,0.01,3212.08
2024-06-09,Finance,East,Student,74,208.45,0.07,14345.53
2024-11-20,Programming,East,Student,170,134.04,0.21,18001.57
2024-06-15,Finance,West,Professional,40,406.25,0.17,13487.5
2024-04-08,Design,South,Professional,50,88.61,0.01,4386.2
2024-03-12,Marketing,West,Professional,30,493.06,0.05,14052.21
2024-07-29,Finance,East,Student,12,305.73,0.14,3155.13
2024-01-03,Design,West,Professional,139,178.67,0.22,19371.4
2024-01-07,Marketing,North,Professional,181,403.32,0.05,69350.87
2024-04-17,Programming,North,Student,111,349.95,0.04,37290.67
2024-10-25,Programming,South,Professional,182,242.17,0.19,35700.7
2024-10-15,Design,South,Student,72,305.74,0.26,16289.83
2024-05-20,Marketing,North,Professional,16,77.2,0.28,889.34
2024-09-16,Marketing,South,Professional,49,357.77,0.28,12622.13
2024-04-05,Programming,North,Student,129,60.92,0.24,5972.6
2024-06-10,Design,West,Professional,190,182.79,0.25,26047.57
2024-11-16,Marketing,West,Professional,147,467.64,0.06,64618.5
2024-04-10,Design,West,Professional,36,386.72,0.23,10719.88
2024-12-09,Marketing,West,Student,33,389.05,0.16,10784.47
2024-11-29,Design,West,Student,14,482.83,0.01,6692.02
2024-12-05,Finance,West,Professional,51,372.47,0.24,14436.94
2024-09-29,Design,North,Professional,177,216.05,0.09,34799.17
2024-04-25,Finance,East,Professional,25,457.69,0.03,11098.98
2024-04-28,Programming,North,Student,164,251.29,0.05,39150.98
2024-10-28,Marketing,North,Student,80,227.33,0.2,14549.12
2024-05-18,Programming,West,Professional,122,185.0,0.3,15799.0
2024-01-10,Finance,South,Professional,52,126.56,0.08,6054.63
2024-07-22,Programming,South,Student,35,70.4,0.3,1724.8
2024-02-03,Design,East,Professional,57,399.12,0.04,21839.85
2024-12-02,Design,West,Professional,14,151.5,0.02,2078.58
2024-12-04,Programming,North,Student,198,229.47,0.1,40891.55
2024-08-23,Design,North,Student,90,172.34,0.04,14890.18
2024-11-15,Design,East,Professional,22,116.71,0.13,2233.83
2024-07-01,Design,South,Student,198,158.27,0.18,25696.72
2024-04-27,Marketing,North,Professional,197,333.03,0.22,51173.39
2024-07-17,Programming,North,Professional,187,376.37,0.0,70381.19
2024-07-20,Design,North,Student,150,384.76,0.26,42708.36
2024-10-12,Programming,East,Student,51,414.52,0.11,18815.06
2024-04-19,Finance,East,Student,49,13.79,0.15,574.35
2024-12-12,Programming,South,Student,97,460.55,0.22,34845.21
2024-12-30,Finance,West,Professional,184,18.52,0.17,2828.37
2024-09-25,Finance,West,Student,180,238.98,0.26,31832.14
2024-11-03,Marketing,North,Student,186,306.28,0.01,56398.4
2024-10-24,Marketing,West,Student,6,281.83,0.02,1657.16
2024-11-12,Programming,West,Student,97,324.78,0.22,24572.85
2024-02-15,Marketing,West,Professional,148,474.43,0.2,56172.51
2024-12-26,Design,East,Professional,169,388.26,0.05,62335.14
2024-03-12,Programming,West,Student,58,277.27,0.23,12382.88
2024-12-16,Marketing,West,Professional,52,262.72,0.06,12841.75
2024-12-18,Finance,West,Student,34,223.63,0.04,7299.28
2024-03-18,Programming,East,Student,131,437.6,0.29,40701.18
2024-08-01,Design,West,Professional,90,46.15,0.06,3904.29
2024-08-01,Finance,East,Student,187,71.22,0.12,11719.96
2024-09-17,Marketing,East,Student,133,185.9,0.22,19285.27
2024-09-25,Programming,East,Professional,113,174.48,0.11,17547.45
2024-07-04,Design,South,Student,97,265.79,0.16,21656.57
2024-10-23,Programming,South,Student,62,356.66,0.01,21891.79
2024-08-31,Marketing,South,Professional,100,414.03,0.1,37262.7
2024-04-09,Marketing,East,Professional,74,102.97,0.21,6019.63
2024-09-02,Design,West,Student,105,495.48,0.13,45262.1
2024-07-10,Finance,North,Professional,117,423.9,0.04,47612.45
2024-02-01,Finance,West,Student,53,485.82,0.01,25490.98
2024-09-24,Marketing,North,Student,199,231.84,0.19,37370.29
2024-08-22,Finance,South,Student,15,164.86,0.16,2077.24
2024-05-25,Marketing,West,Professional,58,173.64,0.19,8157.61
2024-06-08,Marketing,East,Professional,63,209.82,0.28,9517.44
2024-03-04,Marketing,East,Professional,19,264.75,0.03,4879.34
2024-08-18,Marketing,East,Professional,108,490.08,0.03,51340.78
2024-09-04,Finance,East,Professional,161,498.37,0.12,70609.06
2024-05-05,Design,East,Professional,102,262.01,0.01,26457.77
2024-01-22,Finance,South,Student,81,96.94,0.0,7852.14
2024-11-28,Finance,South,Student,64,197.2,0.2,10096.64
2024-01-07,Marketing,North,Professional,89,201.12,0.21,14140.75
2024-12-04,Finance,West,Student,32,331.06,0.02,10382.04
2024-07-01,Marketing,South,Professional,117,217.83,0.14,21918.05
2024-07-24,Marketing,East,Student,60,229.9,0.05,13104.3
2024-06-13,Marketing,South,Student,166,64.85,0.26,7966.17
2024-04-19,Marketing,North,Professional,25,46.78,0.19,947.3
2024-10-03,Design,North,Student,191,255.0,0.24,37015.8
2024-09-10,Finance,West,Professional,70,240.55,0.26,12460.49
2024-07-15,Programming,East,Professional,174,178.71,0.23,23943.57
2024-08-14,Finance,East,Student,93,230.2,0.27,15628.28
2024-12-30,Finance,South,Professional,196,403.94,0.01,78380.52
2024-12-26,Finance,South,Student,28,333.58,0.18,7659.0
2024-03-24,Design,North,Professional,171,347.51,0.09,54076.03
2024-06-16,Finance,South,Student,181,399.51,0.17,60018.39
2024-09-30,Programming,North,Professional,32,409.37,0.09,11920.85
2024-04-02,Marketing,South,Student,12,136.64,0.12,1442.92
2024-03-04,Programming,West,Student,124,438.37,0.22,42399.15
2024-08-20,Finance,North,Professional,20,39.44,0.29,560.05
2024-04-16,Marketing,South,Professional,115,399.56,0.28,33083.57
2024-07-06,Finance,South,Professional,115,289.96,0.29,23675.23
2024-02-28,Design,South,Student,70,407.58,0.19,23109.79
2024-10-09,Marketing,South,Student,150,78.61,0.25,8843.62
2024-06-30,Programming,West,Student,40,87.59,0.2,2802.88
2024-08-24,Finance,South,Student,19,268.4,0.16,4283.66
2024-04-05,Programming,East,Professional,198,497.31,0.28,70896.51
2024-06-14,Programming,East,Student,177,272.63,0.02,47290.4
2024-02-26,Finance,East,Professional,182,150.99,0.16,23083.35
2024-11-10,Finance,North,Professional,188,296.5,0.2,44593.6
2024-10-05,Finance,West,Student,41,253.71,0.16,8737.77
2024-11-28,Programming,South,Professional,14,207.76,0.06,2734.12
2024-03-24,Marketing,North,Student,96,16.36,0.13,1366.39
2024-01-03,Design,East,Student,90,424.46,0.15,32471.19
2024-09-28,Design,West,Professional,30,369.61,0.22,8648.87
2024-06-24,Design,West,Student,107,88.36,0.29,6712.71
2024-09-15,Programming,West,Student,128,400.03,0.02,50179.76
2024-06-26,Marketing,South,Professional,57,437.72,0.16,20958.03
2024-03-18,Programming,West,Student,18,131.1,0.15,2005.83
2024-06-11,Finance,North,Professional,22,455.13,0.09,9111.7
2024-11-17,Finance,North,Professional,148,25.99,0.16,3231.08
2024-08-08,Programming,West,Student,185,333.68,0.07,57409.64
2024-06-05,Design,South,Student,42,409.4,0.12,15131.42
2024-06-27,Programming,South,Professional,68,459.24,0.24,23733.52
2024-05-08,Marketing,West,Student,62,43.89,0.13,2367.43
2024-03-03,Design,South,Professional,134,196.98,0.01,26131.37
2024-10-28,Finance,North,Student,135,238.96,0.21,25485.08
2024-07-06,Design,East,Student,46,116.2,0.29,3795.09
2024-02-27,Finance,West,Student,46,45.73,0.12,1851.15
2024-05-07,Programming,East,Professional,123,238.33,0.24,22279.09
2024-12-16,Programming,South,Student,11,301.52,0.08,3051.38
2024-02-18,Programming,South,Student,183,22.22,0.05,3862.95
2024-04-23,Design,South,Professional,129,243.09,0.2,25086.89
2024-01-21,Marketing,East,Professional,36,412.45,0.2,11878.56
2024-05-16,Marketing,West,Student,45,346.33,0.08,14338.06
2024-06-01,Finance,West,Student,37,488.28,0.27,13188.44
2024-12-19,Programming,South,Student,36,50.67,0.11,1623.47
2024-04-28,Finance,West,Student,83,107.57,0.11,7946.2
2024-10-22,Marketing,East,Professional,165,348.83,0.28,41441.0
2024-09-15,Finance,South,Student,156,465.66,0.09,66105.09
2024-09-19,Programming,North,Student,185,396.12,0.12,64488.34
2024-10-18,Finance,West,Student,141,329.17,0.15,39451.02
2024-08-05,Programming,West,Student,70,285.06,0.11,17759.24
2024-03-07,Programming,South,Professional,64,102.57,0.02,6433.19
2024-10-15,Programming,South,Student,161,67.55,0.02,10658.04
2024-04-18,Programming,North,Student,59,359.34,0.01,20989.05
2024-08-29,Finance,South,Student,5,350.47,0.21,1384.36
2024-09-12,Finance,North,Professional,19,116.79,0.22,1730.83
2024-04-27,Marketing,North,Professional,106,412.81,0.08,40257.23
2024-04-08,Programming,South,Student,26,384.53,0.08,9197.96
2024-11-09,Marketing,West,Professional,83,40.51,0.05,3194.21
2024-02-01,Programming,South,Student,48,232.63,0.21,8821.33
2024-01-11,Finance,North,Student,108,447.41,0.23,37206.62
2024-05-25,Programming,North,Student,169,228.09,0.15,32765.13
2024-10-29,Finance,East,Student,11,157.85,0.02,1701.62
2024-05-03,Programming,South,Student,133,203.19,0.14,23240.87
2024-02-21,Finance,West,Student,196,331.85,0.24,49432.38
2024-02-12,Programming,East,Professional,148,450.57,0.3,46679.05
2024-03-22,Marketing,West,Professional,54,61.96,0.18,2743.59
2024-01-14,Programming,East,Professional,192,16.92,0.17,2696.37
2024-09-06,Finance,West,Professional,152,179.27,0.02,26704.06
2024-07-26,Programming,East,Student,26,136.23,0.21,2798.16
2024-12-27,Programming,East,Student,161,419.57,0.02,66199.75
2024-08-02,Design,North,Professional,94,57.68,0.02,5313.48
2024-04-30,Finance,West,Professional,78,106.74,0.07,7742.92
2024-06-07,Design,North,Student,198,331.71,0.11,58453.94
2024-09-12,Finance,West,Professional,146,452.0,0.25,49494.0
2024-05-21,Design,North,Student,103,455.31,0.29,33296.82
2024-02-06,Finance,North,Professional,58,178.31,0.21,8170.16
2024-07-22,Programming,East,Student,82,71.33,0.12,5147.17
2024-07-03,Marketing,South,Professional,132,148.76,0.26,14530.88
2024-12-04,Programming,North,Professional,162,307.56,0.17,41354.52
2024-08-17,Marketing,North,Student,148,20.12,0.26,2203.54
2024-12-06,Design,South,Student,101,456.7,0.26,34133.76
2024-12-14,Marketing,South,Student,10,262.1,0.12,2306.48
2024-06-21,Marketing,East,Student,174,13.86,0.23,1856.96
2024-03-17,Marketing,South,Professional,72,366.74,0.25,19803.96
2024-12-12,Marketing,East,Student,53,20.95,0.09,1010.42
2024-02-08,Finance,West,Student,67,88.64,0.18,4869.88
2024-12-02,Finance,East,Student,87,341.73,0.28,21405.97
2024-02-22,Design,West,Professional,1,293.06,0.15,249.1
2024-08-01,Finance,West,Student,122,381.49,0.22,36302.59
2024-08-13,Design,North,Professional,136,62.39,0.21,6703.18
2024-12-22,Marketing,South,Professional,152,281.46,0.27,31230.8
2024-12-14,Marketing,North,Student,173,453.44,0.22,61187.19
2024-03-19,Design,South,Student,177,188.12,0.13,28968.6
2024-07-13,Programming,East,Student,72,222.98,0.09,14609.65
2024-11-29,Programming,North,Professional,147,168.29,0.16,20780.45
2024-06-17,Programming,West,Professional,11,59.55,0.27,478.19
2024-12-18,Design,South,Professional,108,248.19,0.09,24392.11
2024-02-13,Finance,West,Student,76,337.55,0.04,24627.65
2024-07-06,Design,North,Professional,169,427.21,0.2,57758.79
2024-12-03,Marketing,East,Student,24,43.33,0.2,831.94
2024-08-07,Marketing,West,Professional,177,333.04,0.03,57179.64
2024-07-31,Finance,West,Professional,26,338.71,0.05,8366.14
2024-03-14,Design,South,Professional,85,276.63,0.16,19751.38
2024-05-12,Finance,East,Professional,161,41.52,0.07,6216.79
2024-09-24,Design,South,Professional,110,32.11,0.12,3108.25
2024-08-17,Marketing,North,Professional,190,246.83,0.23,36111.23
2024-10-12,Programming,North,Student,78,100.79,0.04,7547.16
2024-03-25,Design,East,Professional,17,327.33,0.14,4785.56
2024-03-06,Finance,East,Student,197,471.79,0.16,78071.81
2024-02-19,Finance,East,Student,182,30.1,0.29,3889.52
2024-02-29,Programming,North,Student,181,100.96,0.08,16811.86
2024-07-24,Design,South,Student,17,281.73,0.12,4214.68
2024-07-23,Marketing,South,Professional,116,50.79,0.0,5891.64
2024-02-20,Finance,North,Professional,148,148.29,0.25,16460.19
2024-08-04,Design,East,Professional,148,280.51,0.09,37779.09
2024-05-26,Programming,West,Professional,129,59.36,0.13,6661.97
2024-01-02,Programming,North,Professional,16,165.36,0.22,2063.69
2024-12-20,Design,West,Professional,154,487.85,0.28,54092.81
2024-02-21,Finance,North,Student,116,71.3,0.28,5954.98
2024-09-17,Design,East,Student,74,229.4,0.07,15787.31
2024-09-20,Finance,South,Professional,5,409.44,0.02,2006.26
2024-01-09,Programming,North,Student,94,28.52,0.28,1930.23
2024-08-18,Marketing,East,Student,100,344.09,0.25,25806.75
2024-09-10,Design,South,Student,153,205.62,0.1,28313.87
2024-04-19,Design,East,Professional,92,468.73,0.04,41398.23
2024-05-02,Marketing,East,Professional,174,330.78,0.08,52951.26
2024-04-22,Finance,North,Student,8,243.65,0.23,1500.88
2024-06-01,Finance,West,Professional,179,110.51,0.16,16616.28
2024-11-24,Marketing,West,Student,11,285.0,0.0,3135.0
2024-02-10,Programming,West,Student,101,454.53,0.18,37644.17
2024-02-04,Finance,East,Student,6,430.73,0.03,2506.85
2024-09-10,Marketing,North,Student,119,422.14,0.06,47220.58
2024-05-11,Programming,North,Student,143,301.61,0.04,41405.02
2024-09-13,Programming,West,Professional,109,146.77,0.11,14238.16
2024-09-06,Design,West,Professional,29,354.46,0.08,9456.99
2024-10-25,Finance,South,Student,139,220.96,0.23,23649.35
2024-04-03,Marketing,North,Student,33,499.13,0.05,15647.73
2024-04-26,Programming,North,Professional,17,457.9,0.26,5760.38
2024-07-14,Marketing,East,Professional,102,241.23,0.25,18454.1
2024-02-21,Design,South,Student,71,385.81,0.15,23283.63
2024-02-27,Finance,West,Professional,83,428.93,0.04,34177.14
2024-03-10,Finance,South,Student,148,88.19,0.18,10702.74
2024-06-28,Design,East,Professional,95,143.21,0.23,10475.81
2024-12-08,Marketing,East,Professional,100,479.66,0.22,37413.48
2024-10-06,Finance,East,Professional,82,406.13,0.25,24976.99
2024-04-20,Programming,West,Student,22,206.44,0.21,3587.93
2024-07-28,Programming,West,Professional,53,212.6,0.27,8225.49
2024-08-04,Design,East,Student,71,381.11,0.23,20835.28
2024-10-14,Marketing,South,Professional,104,203.91,0.01,20994.57
2024-04-27,Programming,West,Professional,198,333.11,0.16,55402.86
2024-12-13,Programming,South,Student,148,195.61,0.02,28371.27
2024-03-13,Marketing,North,Professional,33,12.33,0.12,358.06
2024-12-05,Finance,East,Student,166,419.89,0.29,49488.24
2024-11-26,Finance,South,Professional,44,147.83,0.09,5919.11
2024-02-12,Design,West,Student,84,314.4,0.13,22976.35
2024-07-24,Finance,East,Professional,198,106.36,0.27,15373.27
2024-05-28,Marketing,South,Student,107,435.08,0.25,34915.17
2024-02-21,Design,East,Professional,132,88.97,0.08,10804.52
2024-11-18,Marketing,East,Professional,116,198.03,0.08,21133.76
2024-08-03,Programming,North,Professional,126,228.79,0.01,28539.26
2024-03-08,Marketing,West,Professional,42,467.91,0.09,17883.52
2024-06-27,Marketing,North,Professional,140,443.35,0.3,43448.3
2024-06-19,Finance,South,Student,21,251.33,0.1,4750.14
2024-08-13,Finance,East,Professional,32,471.38,0.12,13274.06
2024-12-10,Design,South,Professional,139,26.43,0.21,2902.28
2024-03-13,Finance,North,Student,152,451.87,0.12,60442.13
2024-02-22,Marketing,West,Student,188,230.73,0.26,32099.16
2024-07-02,Marketing,North,Student,115,111.72,0.23,9892.81
2024-09-24,Finance,West,Student,188,402.15,0.22,58971.28
2024-05-02,Finance,North,Student,82,333.15,0.03,26498.75
2024-05-07,Design,East,Student,26,65.27,0.27,1238.82
2024-12-01,Finance,East,Student,172,233.79,0.29,28550.43
2024-02-05,Programming,North,Professional,97,151.49,0.3,10286.17
2024-12-17,Marketing,West,Student,179,115.0,0.28,14821.2
2024-11-21,Marketing,West,Student,143,186.32,0.12,23446.51
2024-03-20,Finance,South,Student,171,105.15,0.22,14024.91
2024-05-20,Design,West,Professional,120,115.74,0.26,10277.71
2024-03-01,Marketing,North,Student,120,276.0,0.21,26164.8
2024-11-14,Finance,West,Professional,178,488.01,0.2,69492.62
2024-09-05,Finance,East,Professional,57,247.98,0.14,12155.98
2024-10-04,Marketing,East,Professional,50,124.9,0.15,5308.25
2024-09-13,Finance,East,Student,24,395.0,0.21,7489.2
2024-08-20,Design,South,Professional,126,190.1,0.03,23234.02
2024-01-29,Design,North,Student,140,320.75,0.29,31882.55
2024-04-26,Design,South,Professional,1,440.34,0.02,431.53
2024-10-03,Programming,North,Student,110,477.69,0.29,37307.59
2024-12-15,Marketing,North,Professional,146,144.19,0.08,19367.6
2024-01-09,Design,East,Student,20,158.17,0.11,2815.43
2024-08-26,Marketing,West,Professional,55,210.78,0.03,11245.11
2024-01-19,Marketing,North,Professional,161,418.38,0.13,58602.49
2024-06-26,Design,South,Professional,127,124.07,0.25,11817.67
2024-12-08,Marketing,South,Student,153,496.01,0.13,66023.89
2024-09-19,Programming,West,Student,191,217.14,0.01,41059.0
2024-11-20,Finance,West,Student,162,214.64,0.1,31294.51
2024-05-16,Finance,South,Professional,136,70.26,0.16,8026.5
2024-11-27,Design,East,Student,32,145.38,0.19,3768.25
2024-01-27,Finance,South,Professional,8,150.78,0.03,1170.05
2024-03-15,Programming,South,Professional,44,339.08,0.14,12830.79
2024-11-07,Marketing,South,Professional,180,182.45,0.05,31198.95
2024-12-02,Design,North,Student,30,308.96,0.22,7229.66
2024-04-20,Programming,North,Professional,150,189.61,0.21,22468.79
2024-04-05,Programming,East,Professional,24,138.69,0.08,3062.28
2024-07-14,Marketing,North,Professional,179,230.7,0.02,40469.39
2024-05-26,Finance,East,Student,58,50.52,0.11,2607.84
2024-03-26,Design,North,Student,116,22.3,0.04,2483.33
2024-10-20,Design,West,Student,123,17.24,0.26,1569.18
2024-01-26,Marketing,South,Professional,31,159.33,0.02,4840.45
2024-06-25,Finance,West,Professional,42,283.19,0.02,11656.1
2024-02-09,Finance,West,Professional,136,473.73,0.11,57340.28
2024-10-09,Marketing,East,Professional,82,84.59,0.17,5757.2
2024-02-28,Programming,West,Student,13,291.68,0.24,2881.8
2024-11-23,Marketing,East,Professional,6,16.49,0.12,87.07
2024-01-23,Programming,West,Professional,127,365.1,0.3,32457.39
2024-02-09,Finance,East,Professional,183,407.34,0.09,67834.33
2024-10-28,Design,West,Student,100,419.65,0.21,33152.35
2024-08-22,Finance,West,Professional,171,280.18,0.29,34016.65
2024-03-17,Marketing,East,Student,27,69.61,0.14,1616.34
2024-11-23,Design,West,Professional,72,68.94,0.1,4467.31
2024-10-03,Finance,North,Student,178,389.06,0.15,58864.78
2024-07-30,Programming,South,Professional,52,338.78,0.26,13036.25
2024-11-22,Programming,North,Professional,19,59.22,0.11,1001.41
2024-02-08,Marketing,West,Professional,24,494.69,0.23,9141.87
2024-10-08,Marketing,West,Professional,181,233.01,0.05,40066.07
2024-02-06,Finance,East,Student,125,385.5,0.07,44814.38
2024-09-18,Finance,North,Professional,174,286.68,0.06,46889.38
2024-10-19,Programming,East,Professional,43,32.69,0.13,1222.93
2024-03-27,Finance,North,Professional,117,224.27,0.19,21254.07
2024-09-06,Design,East,Professional,28,373.45,0.15,8888.11
2024-04-09,Programming,West,Student,143,116.51,0.27,12162.48
2024-07-14,Programming,West,Professional,187,211.37,0.26,29249.38
2024-02-04,Design,East,Student,176,452.06,0.13,69219.43
2024-01-24,Marketing,West,Student,118,455.73,0.27,39256.58
2024-06-28,Programming,North,Student,166,487.96,0.13,70471.18
2024-07-24,Design,South,Student,150,289.74,0.24,33030.36
2024-10-10,Programming,South,Student,130,248.17,0.04,30971.62
2024-09-09,Marketing,East,Student,6,358.43,0.26,1591.43
2024-01-26,Design,West,Professional,172,84.41,0.27,10598.52
2024-10-27,Design,North,Professional,119,452.52,0.26,39848.91
2024-06-28,Design,West,Student,169,451.72,0.02,74813.87
2024-10-28,Programming,South,Professional,12,305.57,0.21,2896.8
2024-06-11,Programming,South,Professional,80,97.17,0.09,7073.98
2024-03-05,Programming,East,Professional,185,199.18,0.04,35374.37
2024-03-12,Programming,West,Professional,14,387.04,0.28,3901.36
2024-10-29,Marketing,East,Professional,140,290.23,0.1,36568.98
2024-04-03,Programming,West,Student,105,420.44,0.11,39290.12
2024-01-24,Finance,East,Professional,144,183.34,0.23,20328.74
2024-06-17,Design,West,Student,81,178.67,0.14,12446.15
2024-08-01,Programming,North,Professional,109,355.95,0.02,38022.58
2024-01-27,Design,West,Professional,141,108.49,0.2,12237.67
2024-03-06,Finance,South,Professional,132,450.73,0.1,53546.72
2024-12-08,Marketing,North,Student,146,97.38,0.16,11942.68
2024-05-30,Programming,North,Student,160,482.94,0.28,55634.69
2024-03-10,Marketing,West,Professional,193,358.23,0.08,63607.32
2024-11-10,Finance,East,Professional,141,19.58,0.13,2401.88
2024-11-29,Marketing,North,Professional,62,410.3,0.04,24421.06
2024-01-12,Design,South,Student,77,141.09,0.08,9994.82
2024-08-01,Finance,East,Student,62,76.29,0.22,3689.38
2024-03-11,Design,North,Student,67,470.68,0.24,23967.03
2024-08-08,Finance,North,Professional,11,444.17,0.22,3810.98
2024-04-22,Programming,West,Professional,28,114.97,0.15,2736.29
2024-12-24,Finance,North,Student,108,183.29,0.02,19399.41
2024-01-15,Design,South,Professional,90,56.75,0.29,3626.32
2024-11-26,Design,North,Student,59,446.72,0.16,22139.44
2024-11-15,Finance,East,Professional,123,473.6,0.2,46602.24
2024-06-15,Design,North,Student,71,248.1,0.27,12859.02
2024-05-31,Programming,West,Professional,140,296.95,0.11,36999.97
2024-10-23,Finance,South,Student,64,86.95,0.2,4451.84
2024-04-26,Marketing,West,Professional,22,95.47,0.03,2037.33
2024-08-06,Programming,North,Professional,128,460.88,0.2,47194.11
2024-01-20,Design,South,Student,103,319.53,0.27,24025.46
2024-02-09,Marketing,East,Professional,147,489.92,0.2,57614.59
2024-06-10,Programming,North,Professional,108,209.98,0.01,22451.06
2024-11-05,Finance,North,Professional,111,353.71,0.25,29446.36
2024-07-28,Finance,East,Student,105,251.82,0.08,24325.81
2024-08-30,Programming,South,Student,190,434.17,0.09,75067.99
2024-01-04,Marketing,North,Professional,157,434.13,0.01,67476.83
2024-05-25,Marketing,West,Student,156,174.19,0.12,23912.8
2024-12-12,Finance,West,Student,168,24.53,0.06,3873.78
2024-03-25,Finance,North,Student,68,341.28,0.26,17173.21
2024-05-17,Design,North,Student,108,121.95,0.25,9877.95
2024-07-17,Finance,North,Student,10,262.49,0.13,2283.66
2024-12-03,Programming,North,Professional,145,173.88,0.22,19665.83
2024-08-02,Design,South,Student,96,239.87,0.0,23027.52
2024-04-03,Finance,North,Professional,125,488.54,0.2,48854.0
2024-02-13,Marketing,South,Professional,161,374.95,0.11,53726.59
2024-03-06,Finance,South,Professional,123,298.13,0.26,27135.79
2024-11-06,Design,West,Professional,68,104.13,0.07,6585.18
2024-01-31,Finance,North,Professional,63,214.15,0.27,9848.76
2024-01-14,Marketing,East,Student,22,52.97,0.06,1095.42
2024-08-03,Design,South,Student,65,72.28,0.17,3899.51
2024-09-12,Finance,West,Professional,158,165.83,0.27,19126.83
2024-03-31,Design,East,Student,39,243.59,0.05,9025.01
2024-08-18,Finance,South,Student,185,145.52,0.06,25305.93
2024-02-04,Finance,South,Professional,126,329.21,0.25,31110.34
2024-07-27,Design,North,Professional,155,492.08,0.18,62543.37
2024-07-15,Design,South,Student,114,387.19,0.23,33987.54
2024-07-03,Design,South,Student,99,38.22,0.15,3216.21
2024-05-01,Design,North,Professional,113,364.42,0.19,33355.36
2024-09-24,Programming,West,Student,83,452.28,0.06,35286.89
2024-08-18,Design,West,Professional,60,461.2,0.22,21584.16
2024-11-03,Marketing,South,Student,119,186.54,0.13,19312.49
2024-06-15,Finance,North,Professional,107,87.65,0.07,8722.05
2024-10-07,Design,East,Professional,98,170.9,0.04,16078.27
2024-05-13,Finance,West,Professional,87,163.99,0.21,11271.03
2024-05-08,Programming,West,Student,2,318.92,0.05,605.95
2024-03-15,Marketing,West,Professional,131,429.99,0.07,52385.68
2024-03-02,Programming,East,Student,7,273.03,0.11,1700.98
2024-10-19,Design,North,Professional,108,296.17,0.28,23030.18
2024-03-09,Finance,West,Student,30,451.35,0.11,12051.04
2024-05-12,Marketing,West,Professional,121,426.35,0.25,38691.26
2024-02-04,Design,East,Student,145,248.07,0.06,33811.94
2024-08-01,Finance,South,Professional,137,243.08,0.03,32302.9
2024-06-20,Marketing,North,Professional,91,315.47,0.02,28133.61
2024-08-13,Design,North,Student,166,445.98,0.14,63668.1
2024-11-30,Design,East,Student,22,264.96,0.09,5304.5
2024-10-13,Finance,West,Student,78,426.73,0.24,25296.55
2024-09-06,Design,West,Professional,110,459.87,0.15,42997.84
2024-04-27,Design,North,Student,119,113.88,0.18,11112.41
2024-11-04,Finance,North,Professional,195,14.46,0.23,2171.17
2024-08-12,Programming,North,Professional,191,157.33,0.05,28547.53
2024-07-10,Design,South,Professional,16,324.51,0.04,4984.47
2024-10-16,Finance,East,Student,21,309.37,0.2,5197.42
2024-04-28,Design,North,Professional,107,221.73,0.12,20878.1
2024-10-04,Finance,North,Professional,26,325.3,0.05,8034.91
2024-04-06,Design,West,Professional,181,272.14,0.21,38913.3
2024-02-22,Programming,East,Professional,56,63.16,0.04,3395.48
2024-03-26,Design,East,Professional,38,367.2,0.1,12558.24
2024-07-19,Finance,West,Student,76,308.84,0.24,17838.6
2024-02-23,Design,North,Student,189,281.19,0.3,37201.44
2024-11-27,Programming,East,Student,31,108.3,0.18,2752.99
2024-12-02,Marketing,North,Student,31,106.55,0.09,3005.78
2024-10-21,Programming,North,Professional,113,375.09,0.18,34755.84
2024-05-31,Design,North,Professional,29,129.3,0.19,3037.26
2024-08-21,Marketing,North,Student,187,379.11,0.27,51752.31
2024-02-26,Finance,North,Student,171,466.43,0.14,68593.2
2024-06-01,Marketing,East,Professional,42,63.62,0.21,2110.91
2024-09-21,Finance,South,Professional,45,242.82,0.16,9178.6
2024-12-23,Finance,West,Professional,92,332.11,0.23,23526.67
2024-07-26,Programming,North,Professional,146,168.04,0.23,18891.06
2024-02-26,Finance,South,Professional,14,188.23,0.01,2608.87
2024-01-16,Finance,East,Student,166,69.5,0.23,8883.49
2024-09-25,Marketing,East,Professional,185,420.92,0.11,69304.48
2024-12-22,Programming,East,Student,147,126.67,0.05,17689.47
2024-01-22,Marketing,North,Student,43,37.23,0.02,1568.87
2024-02-17,Marketing,North,Professional,39,333.33,0.1,11699.88
2024-03-09,Design,West,Student,30,65.86,0.28,1422.58
2024-07-29,Marketing,West,Student,183,407.08,0.17,61831.38
2024-09-07,Finance,West,Professional,115,223.45,0.21,20300.43
2024-06-17,Design,East,Professional,88,465.56,0.17,34004.5
2024-10-25,Finance,North,Student,24,235.8,0.19,4583.95
2024-10-15,Programming,South,Student,77,374.59,0.1,25959.09
2024-09-03,Design,West,Professional,167,32.8,0.09,4984.62
2024-09-18,Design,South,Student,106,366.97,0.08,35786.91
2024-12-18,Finance,West,Student,97,496.36,0.22,37554.6
2024-12-11,Programming,North,Student,33,269.94,0.14,7660.9
2024-06-28,Programming,North,Professional,112,80.11,0.17,7447.03
2024-08-15,Programming,North,Professional,19,111.73,0.25,1592.15
2024-09-19,Design,South,Student,112,296.54,0.09,30223.36
2024-02-11,Design,South,Student,62,197.09,0.12,10753.23
2024-08-10,Marketing,East,Student,106,336.77,0.3,24988.33
2024-10-20,Finance,South,Professional,81,116.55,0.13,8213.28
2024-12-14,Design,East,Professional,150,119.23,0.11,15917.2
2024-01-05,Design,North,Professional,35,433.08,0.11,13490.44
2024-06-18,Programming,West,Student,132,488.54,0.07,59973.17
2024-11-16,Marketing,South,Professional,46,238.88,0.15,9340.21
2024-08-29,Marketing,East,Student,153,212.3,0.25,24361.43
2024-12-13,Marketing,North,Student,25,443.56,0.18,9092.98
2024-04-23,Finance,West,Professional,50,210.13,0.14,9035.59
2024-08-30,Finance,East,Student,163,297.21,0.12,42631.8
2024-04-22,Finance,North,Professional,31,470.76,0.29,10361.43
2024-03-19,Design,North,Professional,27,352.52,0.28,6852.99
2024-04-25,Programming,South,Student,193,207.26,0.19,32400.96
2024-05-31,Design,North,Professional,36,210.77,0.07,7056.58
2024-07-17,Marketing,West,Professional,47,497.6,0.05,22217.84
2024-06-11,Finance,East,Professional,150,142.71,0.29,15198.62
2024-08-05,Design,South,Student,101,446.29,0.18,36961.74
2024-02-06,Finance,West,Student,9,315.63,0.14,2442.98
2024-12-21,Marketing,East,Student,6,306.55,0.07,1710.55
2024-10-05,Programming,West,Professional,187,165.44,0.04,29699.79
2024-11-03,Finance,South,Professional,119,286.34,0.27,24874.36
2024-10-14,Programming,South,Professional,50,440.05,0.18,18042.05
2024-08-13,Finance,East,Professional,146,442.9,0.06,60783.6
2024-07-06,Programming,West,Student,82,123.5,0.02,9924.46
2024-09-28,Design,East,Student,94,181.17,0.28,12261.59
2024-05-04,Marketing,North,Student,200,337.41,0.27,49261.86
2024-08-17,Programming,South,Professional,127,277.9,0.12,31058.1
2024-09-18,Marketing,East,Student,23,467.43,0.05,10213.35
2024-03-19,Programming,North,Student,102,114.25,0.09,10604.68
2024-09-02,Design,West,Student,82,33.84,0.25,2081.16
2024-09-24,Programming,East,Student,129,109.95,0.04,13616.21
2024-10-28,Design,East,Student,168,253.77,0.18,34959.36
2024-03-21,Finance,East,Student,39,452.62,0.22,13768.7
2024-01-15,Programming,East,Student,143,329.69,0.29,33473.43
2024-09-18,Marketing,East,Student,177,443.85,0.27,57349.86
2024-10-19,Design,West,Student,98,351.7,0.16,28951.94
2024-03-05,Marketing,South,Professional,16,302.92,0.12,4265.11
2024-06-09,Design,South,Professional,120,138.46,0.09,15119.83
2024-05-02,Marketing,West,Student,195,104.67,0.2,16328.52
2024-06-24,Design,East,Professional,200,132.74,0.09,24158.68
2024-08-22,Design,South,Professional,140,243.28,0.05,32356.24
2024-05-16,Programming,East,Student,106,203.14,0.06,20240.87
2024-08-10,Marketing,West,Professional,13,69.88,0.15,772.17
2024-11-08,Marketing,South,Professional,132,443.01,0.01,57892.55
2024-04-18,Programming,South,Professional,188,197.3,0.29,26335.6
2024-05-04,Design,South,Student,183,344.65,0.07,58655.98
2024-11-18,Programming,West,Professional,148,96.59,0.29,10149.68
2024-10-30,Design,West,Student,70,481.26,0.09,30656.26
2024-06-11,Programming,North,Professional,94,202.67,0.23,14669.25
2024-03-03,Marketing,West,Professional,101,481.47,0.09,44251.91
2024-06-14,Marketing,West,Professional,57,436.46,0.1,22390.4
2024-02-10,Programming,East,Student,28,259.72,0.04,6981.27
2024-07-25,Marketing,North,Student,141,58.08,0.02,8025.49
2024-12-06,Finance,North,Professional,10,92.68,0.26,685.83
2024-11-04,Marketing,West,Professional,131,271.47,0.27,25960.68
2024-10-15,Design,North,Student,104,21.63,0.09,2047.06
2024-04-04,Design,West,Professional,23,217.74,0.27,3655.85
2024-09-21,Finance,East,Student,8,473.42,0.24,2878.39
2024-01-17,Programming,East,Professional,63,162.46,0.19,8290.33
2024-01-19,Finance,East,Professional,92,275.11,0.21,19994.99
2024-01-22,Marketing,North,Professional,38,40.9,0.21,1227.82
2024-09-09,Programming,West,Professional,163,70.07,0.06,10736.13
2024-11-19,Finance,West,Student,98,93.24,0.28,6579.01
2024-02-01,Finance,South,Student,66,190.51,0.22,9807.45
2024-07-13,Finance,West,Student,25,40.59,0.25,761.06
2024-07-07,Marketing,West,Professional,115,360.42,0.23,31915.19
2024-08-12,Design,West,Professional,186,497.64,0.14,79602.49
2024-02-01,Programming,West,Professional,87,402.94,0.28,25240.16
2024-04-05,Design,East,Student,14,313.45,0.11,3905.59
2024-09-21,Programming,East,Student,78,244.98,0.2,15286.75
2024-07-20,Marketing,North,Student,74,66.18,0.29,3477.1
2024-03-17,Marketing,South,Student,200,68.6,0.3,9604.0
2024-10-23,Programming,South,Professional,185,199.34,0.16,30977.44
2024-07-12,Programming,West,Student,92,223.78,0.04,19764.25
2024-04-06,Design,South,Professional,62,200.64,0.07,11568.9
2024-03-11,Programming,South,Professional,116,71.64,0.23,6398.88
2024-12-14,Programming,South,Student,33,337.54,0.08,10247.71
2024-09-18,Design,North,Student,5,146.04,0.01,722.9
2024-10-21,Finance,East,Student,48,343.97,0.09,15024.61
2024-07-11,Marketing,West,Professional,72,195.35,0.3,9845.64
2024-07-31,Design,South,Student,34,393.85,0.2,10712.72
2024-02-07,Finance,North,Professional,58,461.44,0.29,19002.1
2024-01-11,Finance,West,Student,35,102.78,0.08,3309.52
2024-03-29,Design,West,Professional,24,479.74,0.13,10016.97
2024-08-25,Design,West,Student,171,216.04,0.12,32509.7
2024-11-14,Finance,South,Professional,66,446.64,0.17,24466.94
2024-04-20,Finance,North,Student,79,363.11,0.19,23235.41
2024-11-25,Finance,East,Student,95,105.64,0.08,9232.94
2024-08-31,Design,East,Professional,181,248.07,0.25,33675.5
2024-02-07,Finance,North,Professional,4,258.03,0.25,774.09
2024-11-10,Finance,South,Student,148,427.87,0.26,46860.32
2024-11-02,Programming,East,Student,103,251.88,0.16,21792.66
2024-06-02,Marketing,North,Professional,191,80.81,0.23,11884.73
2024-05-04,Marketing,North,Student,107,147.44,0.09,14356.23
2024-02-08,Finance,East,Student,109,482.86,0.1,47368.57
2024-12-01,Finance,East,Professional,180,447.3,0.25,60385.5
2024-02-14,Finance,West,Professional,111,38.91,0.22,3368.83
2024-08-27,Finance,South,Student,132,448.58,0.01,58620.43
2024-08-21,Design,West,Professional,17,234.94,0.28,2875.67
2024-07-13,Programming,South,Student,169,424.67,0.19,58133.08
2024-09-16,Design,South,Student,42,58.75,0.19,1998.68
2024-12-26,Design,East,Student,105,68.7,0.11,6420.02
2024-06-09,Design,North,Professional,112,20.65,0.22,1803.98
2024-12-05,Design,North,Student,148,235.01,0.18,28520.81
2024-12-13,Programming,South,Student,164,434.76,0.01,70587.63
2024-01-09,Programming,South,Professional,40,416.14,0.3,11651.92
2024-08-25,Programming,South,Professional,54,328.26,0.25,13294.53
2024-09-24,Programming,West,Professional,15,408.14,0.01,6060.88
2024-07-06,Marketing,East,Student,31,181.65,0.07,5236.97
2024-06-05,Finance,West,Student,20,152.24,0.23,2344.5
2024-07-12,Design,South,Professional,23,226.3,0.29,3695.48
2024-06-13,Design,North,Student,54,111.26,0.07,5587.48
2024-05-31,Finance,East,Student,43,270.43,0.04,11163.35
2024-07-05,Marketing,East,Professional,177,451.86,0.14,68782.13
2024-11-08,Marketing,North,Professional,167,397.29,0.14,57058.79
2024-11-15,Programming,South,Professional,76,431.23,0.14,28185.19
2024-10-14,Programming,North,Student,36,418.65,0.07,14016.4
2024-10-21,Design,West,Professional,195,499.25,0.23,74962.39
2024-06-09,Finance,West,Student,34,164.34,0.05,5308.18
2024-09-30,Marketing,South,Student,75,215.16,0.04,15491.52
2024-08-10,Marketing,West,Professional,43,407.38,0.15,14889.74
2024-12-02,Design,East,Professional,65,223.64,0.05,13809.77
2024-09-24,Finance,East,Professional,56,141.58,0.13,6897.78
2024-05-28,Design,West,Professional,110,48.33,0.04,5103.65
2024-07-16,Design,East,Professional,123,45.72,0.25,4217.67
2024-10-06,Finance,South,Professional,134,73.69,0.16,8294.55
2024-08-15,Finance,East,Professional,143,231.78,0.14,28504.3
2024-06-01,Programming,West,Student,161,334.85,0.18,44206.9
2024-01-08,Finance,East,Student,49,343.58,0.04,16162.0
2024-06-14,Marketing,North,Student,22,35.53,0.24,594.06
2024-01-23,Programming,West,Student,54,164.55,0.0,8885.7
2024-08-19,Programming,East,Student,24,188.59,0.2,3620.93
2024-07-05,Finance,East,Professional,111,232.86,0.26,19127.12
2024-07-27,Programming,South,Professional,75,15.55,0.15,991.31
2024-01-19,Finance,West,Student,174,395.23,0.14,59142.22
2024-09-02,Marketing,North,Student,125,104.31,0.07,12126.04
2024-12-22,Design,South,Student,42,387.99,0.03,15806.71
2024-09-07,Finance,South,Professional,200,237.89,0.01,47102.22
2024-12-15,Finance,South,Professional,65,471.97,0.11,27303.46
2024-07-31,Programming,East,Student,12,467.13,0.05,5325.28
2024-08-18,Finance,East,Student,77,440.64,0.06,31893.52
2024-06-18,Marketing,East,Student,37,260.13,0.0,9624.81
2024-05-03,Programming,West,Student,4,185.86,0.26,550.15
2024-06-08,Finance,North,Student,76,164.42,0.23,9621.86
2024-10-14,Design,West,Student,164,438.37,0.18,58952.0
2024-02-01,Finance,East,Student,127,416.29,0.04,50754.08
2024-05-07,Programming,North,Professional,156,126.0,0.19,15921.36
2024-08-11,Marketing,East,Student,187,391.99,0.11,65238.9
2024-02-12,Finance,West,Professional,135,17.34,0.02,2294.08
2024-02-07,Design,South,Student,30,455.04,0.02,13378.18
2024-11-27,Marketing,North,Student,27,484.14,0.07,12156.76
2024-07-30,Programming,North,Professional,185,181.32,0.12,29518.9
2024-09-22,Finance,South,Student,9,308.77,0.17,2306.51
2024-11-25,Design,East,Professional,101,300.33,0.19,24570.0
2024-02-25,Finance,South,Professional,14,448.74,0.19,5088.71
2024-05-20,Design,West,Professional,56,46.38,0.21,2051.85
2024-01-09,Finance,North,Student,90,352.01,0.27,23127.06
2024-08-25,Design,North,Student,194,80.77,0.03,15199.3
2024-05-28,Finance,West,Student,83,364.23,0.21,23882.56
2024-03-24,Design,North,Student,93,480.58,0.27,32626.58
2024-12-17,Finance,South,Student,119,388.07,0.27,33711.64
2024-08-10,Finance,South,Professional,45,167.46,0.07,7008.2
2024-10-14,Finance,East,Student,60,447.61,0.14,23096.68
2024-06-04,Finance,East,Professional,92,245.04,0.13,19613.0
2024-12-15,Programming,North,Student,28,99.21,0.22,2166.75
2024-09-25,Finance,North,Professional,89,216.43,0.01,19069.65
2024-08-03,Programming,North,Professional,75,214.99,0.02,15801.76
2024-09-14,Finance,South,Professional,173,397.31,0.15,58424.44
2024-12-25,Marketing,West,Student,129,181.07,0.07,21722.97
2024-08-25,Programming,North,Student,119,482.73,0.21,45381.45
2024-10-17,Programming,North,Professional,43,204.41,0.04,8438.04
2024-09-07,Programming,North,Professional,109,113.6,0.2,9905.92
2024-12-12,Marketing,West,Professional,117,173.01,0.21,15991.31
2024-12-03,Marketing,West,Professional,81,14.69,0.28,856.72
2024-04-26,Marketing,West,Student,35,393.14,0.06,12934.31
2024-09-16,Marketing,West,Student,90,412.91,0.11,33074.09
2024-02-05,Marketing,North,Student,30,275.57,0.18,6779.02
2024-07-29,Programming,East,Professional,145,206.35,0.25,22440.56
2024-06-02,Finance,South,Professional,26,301.34,0.23,6032.83
2024-10-17,Design,East,Student,131,153.57,0.03,19514.14
2024-01-26,Programming,East,Student,122,204.31,0.24,18943.62
2024-08-17,Design,East,Professional,9,196.18,0.12,1553.75
2024-08-21,Design,North,Professional,41,98.94,0.27,2961.27
2024-11-11,Design,East,Professional,185,444.09,0.16,69011.59
2024-05-10,Programming,West,Professional,1,238.23,0.15,202.5
2024-10-27,Marketing,South,Professional,5,453.34,0.25,1700.02
2024-01-14,Design,West,Professional,62,239.55,0.11,13218.37
2024-04-18,Programming,East,Student,200,252.54,0.14,43436.88
2024-05-28,Programming,North,Professional,190,328.83,0.1,56229.93
2024-02-07,Marketing,North,Professional,69,269.53,0.01,18411.59
2024-11-07,Marketing,East,Student,92,497.48,0.26,33868.44
2024-12-10,Marketing,West,Professional,58,33.85,0.03,1904.4
2024-09-06,Programming,West,Student,2,261.51,0.02,512.56
2024-12-26,Programming,West,Student,133,278.92,0.06,34870.58
2024-04-01,Marketing,West,Professional,155,44.39,0.11,6123.6
2024-07-01,Programming,South,Student,77,62.44,0.1,4327.09
2024-07-12,Design,East,Professional,160,210.51,0.11,29976.62
2024-12-30,Design,East,Student,36,141.21,0.14,4371.86
2024-11-18,Programming,East,Professional,133,428.75,0.16,47899.95
2024-04-18,Finance,West,Student,65,161.93,0.17,8736.12
2024-12-15,Finance,South,Student,88,332.32,0.17,24272.65
2024-06-22,Design,East,Professional,117,256.05,0.28,21569.65
2024-08-30,Finance,East,Student,151,66.73,0.08,9270.13
2024-07-24,Programming,South,Student,75,16.94,0.21,1003.7
2024-10-20,Programming,North,Student,126,196.02,0.13,21487.71
2024-09-17,Design,West,Student,104,278.19,0.02,28353.12
2024-03-03,Design,South,Professional,149,17.64,0.19,2128.97
2024-06-23,Marketing,East,Student,148,329.15,0.27,35561.37
2024-06-09,Marketing,East,Professional,45,108.62,0.0,4887.9
2024-10-13,Marketing,East,Professional,81,279.53,0.06,21283.41
2024-12-03,Finance,East,Student,191,464.1,0.26,65595.89
2024-09-10,Marketing,East,Student,67,378.61,0.17,21054.5
2024-04-13,Programming,East,Professional,45,263.02,0.03,11480.82
2024-07-25,Design,South,Professional,119,345.38,0.24,31236.17
2024-08-03,Finance,East,Professional,1,416.76,0.13,362.58
2024-06-09,Design,East,Professional,81,236.39,0.19,15509.55
2024-05-18,Programming,East,Professional,46,308.81,0.08,13068.84
2024-10-23,Programming,West,Student,177,417.64,0.02,72443.83
2024-01-24,Marketing,South,Student,116,167.07,0.25,14535.09
2024-04-16,Finance,West,Professional,196,250.69,0.18,40290.9
2024-12-09,Programming,North,Student,60,497.5,0.12,26268.0
2024-01-31,Design,East,Student,14,77.24,0.27,789.39
2024-11-20,Design,East,Student,34,424.67,0.08,13283.68
2024-05-12,Marketing,West,Professional,5,81.85,0.3,286.47
2024-11-26,Finance,South,Student,33,183.85,0.12,5339.0
2024-11-18,Finance,South,Student,178,40.9,0.0,7280.2
2024-12-22,Design,East,Student,45,40.73,0.15,1557.92
2024-10-01,Design,South,Student,124,212.38,0.16,22121.5
2024-01-17,Programming,East,Professional,7,306.82,0.18,1761.15
2024-06-10,Finance,North,Professional,139,71.27,0.28,7132.7
2024-12-01,Marketing,East,Professional,48,147.61,0.18,5809.93
2024-06-08,Marketing,North,Student,172,179.44,0.02,30246.41
2024-09-28,Programming,East,Professional,39,435.66,0.15,14442.13
2024-02-27,Marketing,North,Professional,102,198.33,0.17,16790.62
2024-08-24,Programming,South,Professional,88,199.81,0.14,15121.62
2024-10-11,Marketing,South,Student,18,30.59,0.09,501.06
2024-09-02,Programming,East,Student,155,236.15,0.29,25988.31
2024-11-16,Finance,West,Student,173,483.06,0.18,68526.89
2024-06-06,Programming,West,Professional,101,121.09,0.23,9417.17
2024-05-14,Programming,East,Student,145,440.17,0.04,61271.66
2024-10-22,Marketing,West,Professional,188,453.87,0.03,82767.73
2024-12-23,Finance,North,Student,17,411.3,0.0,6992.1
2024-09-12,Finance,East,Professional,182,91.8,0.11,14869.76
2024-08-27,Marketing,North,Student,163,422.96,0.2,55153.98
2024-06-29,Design,North,Student,60,347.72,0.01,20654.57
2024-09-28,Finance,East,Student,118,270.87,0.29,22693.49
2024-10-04,Programming,West,Student,162,18.92,0.0,3065.04
2024-07-09,Marketing,East,Professional,92,202.02,0.1,16727.26
2024-11-29,Design,North,Student,119,194.94,0.12,20414.12
2024-10-28,Finance,East,Professional,150,455.32,0.1,61468.2
2024-04-24,Design,East,Professional,49,58.33,0.27,2086.46
2024-09-19,Programming,West,Student,76,330.71,0.29,17845.11
2024-09-08,Programming,East,Professional,180,275.77,0.04,47653.06
2024-10-03,Design,West,Student,126,286.29,0.2,28858.03
2024-09-22,Marketing,South,Professional,67,190.23,0.27,9304.15
2024-04-23,Design,West,Professional,157,428.62,0.15,57199.34
2024-04-21,Design,East,Student,63,389.4,0.27,17908.51
2024-02-09,Programming,West,Student,102,253.38,0.22,20158.91
2024-12-12,Programming,West,Student,172,227.09,0.05,37106.51
2024-07-19,Design,West,Student,99,418.6,0.2,33153.12
2024-12-22,Finance,North,Professional,147,385.58,0.23,43643.8
2024-02-08,Marketing,West,Professional,107,259.65,0.15,23615.17
2024-10-07,Marketing,North,Student,151,48.41,0.05,6944.41
2024-09-16,Design,South,Student,175,398.61,0.08,64176.21
2024-09-18,Marketing,South,Professional,79,71.55,0.1,5087.2
2024-08-11,Marketing,South,Student,113,292.41,0.28,23790.48
2024-05-13,Design,West,Professional,7,472.29,0.16,2777.07
2024-06-27,Marketing,South,Professional,151,225.29,0.03,32998.23
2024-12-29,Design,East,Student,42,446.49,0.0,18752.58
2024-07-28,Programming,North,Professional,2,427.12,0.04,820.07
2024-03-11,Marketing,North,Student,8,209.04,0.25,1254.24
2024-06-06,Programming,North,Student,194,232.93,0.04,43380.88
2024-08-13,Design,North,Professional,147,281.25,0.18,33901.88
2024-04-08,Programming,East,Student,28,73.49,0.14,1769.64
2024-11-07,Marketing,North,Student,174,370.96,0.21,50992.16
2024-04-17,Programming,East,Professional,16,258.31,0.25,3099.72
2024-02-12,Design,North,Professional,172,284.68,0.19,39661.62
2024-12-11,Programming,North,Student,178,151.13,0.18,22058.93
2024-07-23,Programming,East,Professional,117,358.99,0.05,39901.74
2024-01-19,Design,South,Professional,49,483.78,0.28,17067.76
2024-08-20,Programming,West,Student,11,54.04,0.05,564.72
2024-04-26,Design,North,Student,125,452.11,0.25,42385.31
2024-11-15,Programming,North,Professional,98,245.61,0.21,19015.13
2024-07-07,Programming,North,Student,105,165.88,0.21,13759.75
2024-03-11,Finance,South,Student,86,242.64,0.01,20658.37
2024-09-28,Marketing,West,Professional,175,260.8,0.0,45640.0
2024-04-03,Finance,South,Professional,115,61.37,0.19,5716.62
2024-10-29,Finance,South,Student,46,136.61,0.24,4775.89
2024-11-09,Design,East,Student,130,310.14,0.05,38302.29
2024-03-17,Finance,North,Professional,80,452.58,0.28,26068.61
2024-02-06,Finance,West,Student,30,172.74,0.07,4819.45
2024-12-27,Marketing,South,Professional,63,242.52,0.02,14973.18
2024-09-30,Marketing,North,Student,157,372.69,0.13,50905.73
2024-10-16,Marketing,North,Student,138,307.2,0.25,31795.2
2024-07-10,Programming,West,Professional,22,99.2,0.11,1942.34
2024-12-26,Design,South,Professional,55,148.61,0.13,7110.99
2024-07-16,Finance,North,Professional,69,310.39,0.25,16062.68
2024-12-11,Finance,East,Professional,118,259.44,0.26,22654.3
2024-10-31,Marketing,West,Student,174,63.69,0.16,9308.93
2024-07-06,Finance,East,Professional,54,90.57,0.13,4254.98
2024-12-03,Design,North,Professional,115,158.59,0.12,16049.31
2024-08-29,Marketing,West,Professional,52,277.98,0.04,13876.76
2024-01-26,Programming,South,Student,20,267.41,0.28,3850.7
2024-05-11,Finance,South,Student,138,422.44,0.29,41390.67
2024-11-04,Marketing,South,Student,49,246.95,0.23,9317.42
2024-08-30,Marketing,East,Professional,182,382.88,0.01,68987.32
2024-07-07,Finance,West,Professional,44,59.94,0.15,2241.76
2024-11-21,Marketing,North,Student,111,212.23,0.23,18139.3
2024-02-13,Design,South,Student,155,232.93,0.29,25633.95
2024-06-08,Programming,East,Professional,116,64.97,0.25,5652.39
2024-08-20,Programming,East,Professional,130,291.61,0.04,36392.93
2024-01-10,Design,North,Professional,78,29.63,0.21,1825.8
2024-08-11,Marketing,West,Professional,120,125.01,0.12,13201.06
2024-09-26,Marketing,North,Professional,18,359.11,0.03,6270.06
2024-11-21,Programming,South,Student,80,68.03,0.25,4081.8
2024-08-27,Design,East,Student,167,66.52,0.0,11108.84
2024-05-24,Finance,East,Student,188,126.51,0.21,18789.27
2024-12-24,Marketing,East,Professional,133,71.43,0.07,8835.18
2024-01-11,Finance,West,Student,62,305.06,0.24,14374.43
2024-01-05,Finance,South,Professional,91,425.66,0.23,29826.0
2024-03-22,Finance,West,Student,133,300.06,0.14,34320.86
2024-01-22,Marketing,West,Professional,97,463.78,0.02,44086.93
2024-04-19,Design,South,Student,153,386.71,0.17,49108.3
2024-02-29,Finance,West,Student,112,292.93,0.22,25590.36
2024-03-11,Marketing,South,Professional,89,145.63,0.27,9461.58
2024-01-31,Finance,East,Professional,91,351.27,0.09,29088.67
2024-01-21,Finance,West,Professional,88,66.44,0.01,5788.25
2024-01-05,Design,West,Professional,80,50.56,0.07,3761.66
2024-03-26,Finance,East,Professional,128,487.68,0.08,57429.2
2024-05-04,Marketing,South,Professional,111,117.95,0.16,10997.66
2024-05-05,Programming,North,Student,25,282.94,0.1,6366.15
2024-05-26,Finance,North,Student,77,71.09,0.04,5254.97
2024-01-06,Marketing,South,Student,105,13.56,0.11,1267.18
2024-09-21,Marketing,West,Professional,168,490.34,0.25,61782.84
2024-06-14,Design,North,Professional,25,484.5,0.07,11264.62
2024-03-26,Finance,North,Student,180,475.67,0.23,65927.86
2024-09-02,Marketing,South,Professional,4,451.83,0.17,1500.08
2024-05-31,Finance,West,Professional,163,292.96,0.25,35814.36
2024-02-12,Programming,East,Student,11,449.23,0.16,4150.89
2024-03-29,Marketing,West,Professional,163,320.78,0.21,41306.84
2024-07-30,Marketing,North,Professional,96,188.46,0.01,17911.24
2024-01-30,Finance,South,Professional,95,122.82,0.19,9451.0
2024-11-21,Programming,North,Professional,162,432.21,0.23,53913.88
2024-03-20,Finance,North,Student,149,452.01,0.2,53879.59
2024-02-02,Finance,East,Student,182,400.55,0.19,59049.08
2024-01-15,Finance,East,Student,181,137.34,0.04,23864.2
2024-05-07,Finance,East,Professional,75,423.11,0.23,24434.6
2024-05-14,Design,West,Professional,76,446.81,0.01,33617.98
2024-08-12,Marketing,North,Professional,84,77.06,0.22,5048.97
2024-12-14,Programming,West,Professional,19,134.29,0.01,2525.99
2024-12-01,Design,East,Student,154,464.19,0.06,67196.14
2024-07-04,Marketing,South,Professional,171,259.58,0.26,32847.25
2024-07-27,Design,North,Student,9,197.35,0.11,1580.77
2024-06-05,Marketing,South,Student,104,452.58,0.05,44714.9
2024-04-07,Programming,South,Professional,112,228.99,0.01,25390.41
2024-12-03,Programming,West,Professional,6,43.32,0.21,205.34
2024-06-19,Design,East,Professional,77,80.18,0.08,5679.95
2024-05-10,Programming,West,Professional,193,301.61,0.27,42493.83
2024-10-22,Marketing,West,Professional,85,193.11,0.2,13131.48
2024-06-07,Marketing,West,Professional,167,21.08,0.25,2640.27
2024-07-19,Finance,East,Student,154,171.5,0.11,23505.79
2024-09-27,Marketing,South,Professional,57,274.82,0.05,14881.5
2024-03-22,Marketing,West,Student,70,123.88,0.08,7977.87
2024-03-13,Finance,North,Professional,23,56.46,0.3,909.01
2024-04-12,Marketing,North,Professional,92,470.23,0.27,31580.65
2024-02-27,Programming,South,Student,8,435.39,0.27,2542.68
2024-10-11,Marketing,East,Student,200,401.17,0.16,67396.56
2024-12-25,Programming,East,Student,177,161.72,0.14,24617.02
2024-04-22,Finance,West,Student,96,406.6,0.25,29275.2
2024-11-26,Programming,East,Professional,149,30.09,0.11,3990.23
2024-09-24,Finance,West,Professional,155,169.47,0.1,23641.06
2024-10-07,Finance,East,Student,11,427.45,0.05,4466.85
2024-02-09,Design,North,Student,99,398.37,0.25,29578.97
2024-07-17,Design,East,Student,73,385.51,0.09,25609.43
2024-08-23,Programming,East,Student,37,207.41,0.09,6983.49
2024-05-21,Programming,West,Student,72,239.43,0.28,12412.05
2024-08-20,Programming,West,Professional,128,200.4,0.12,22573.06
2024-02-17,Design,West,Student,127,20.45,0.23,1999.81
2024-07-02,Marketing,East,Student,93,201.62,0.07,17438.11
2024-12-02,Marketing,North,Student,137,208.36,0.29,20267.18
2024-05-03,Design,South,Professional,84,426.21,0.1,32221.48
2024-08-06,Programming,South,Student,190,210.23,0.14,34351.58
2024-07-24,Finance,South,Student,111,196.34,0.16,18306.74
2024-11-18,Finance,North,Professional,112,352.78,0.04,37930.91
2024-08-11,Marketing,East,Student,29,492.88,0.1,12864.17
2024-09-26,Design,West,Professional,50,159.24,0.04,7643.52
2024-08-23,Marketing,West,Professional,126,86.09,0.15,9220.24
